feature,importance
volatility_7,0.1327847391532767
volume_change,0.12611245250220754
volatility_30,0.12331938215373672
drawdown,0.10909435947040289
momentum_7,0.1026613819305403
momentum_30,0.10202884400745729
log_return,0.08186374028287056
daily_return,0.0817849030890214
ma_30,0.07230886731731923
ma_7,0.06804133009316736
